[
  {
    "name": "theme_info",
    "theme_name": "Gent & Muse",
    "theme_version": "1.0.0",
    "theme_author": "Gent & Muse",
    "theme_documentation_url": "https://gentmuse.com/docs",
    "theme_support_url": "https://gentmuse.com/support"
  },
  {
    "name": "Colors",
    "settings": [
      {
        "type": "color",
        "id": "color_gold",
        "label": "Gold Accent",
        "default": "#C9A961"
      },
      {
        "type": "color",
        "id": "color_dark",
        "label": "Dark Text",
        "default": "#1A1A1A"
      },
      {
        "type": "color",
        "id": "color_black",
        "label": "Black",
        "default": "#000000"
      },
      {
        "type": "color",
        "id": "color_cream",
        "label": "Cream Background",
        "default": "#F5F3EF"
      },
      {
        "type": "color",
        "id": "color_white",
        "label": "White",
        "default": "#FFFFFF"
      }
    ]
  },
  {
    "name": "Typography",
    "settings": [
      {
        "type": "font_picker",
        "id": "font_heading",
        "label": "Heading Font",
        "default": "cormorant_garamond_n4",
        "info": "Cormorant Garamond is used for elegant headings"
      },
      {
        "type": "font_picker",
        "id": "font_body",
        "label": "Body Font",
        "default": "montserrat_n4",
        "info": "Montserrat is used for body text"
      }
    ]
  },
  {
    "name": "Favicon",
    "settings": [
      {
        "type": "image_picker",
        "id": "favicon",
        "label": "Favicon",
        "info": "Will be scaled down to 32x32px"
      }
    ]
  },
  {
    "name": "Cart",
    "settings": [
      {
        "type": "checkbox",
        "id": "cart_notes_enable",
        "label": "Enable cart notes",
        "default": true
      },
      {
        "type": "select",
        "id": "cart_type",
        "label": "Cart type",
        "default": "drawer",
        "options": [
          {
            "value": "drawer",
            "label": "Drawer"
          },
          {
            "value": "page",
            "label": "Page"
          }
        ]
      }
    ]
  },
  {
    "name": "Social Media",
    "settings": [
      {
        "type": "header",
        "content": "Social accounts"
      },
      {
        "type": "text",
        "id": "social_instagram_link",
        "label": "Instagram",
        "info": "https://instagram.com/yourstore"
      },
      {
        "type": "text",
        "id": "social_facebook_link",
        "label": "Facebook"
      },
      {
        "type": "text",
        "id": "social_twitter_link",
        "label": "Twitter"
      },
      {
        "type": "text",
        "id": "social_pinterest_link",
        "label": "Pinterest"
      }
    ]
  }
]
